Generation,Diet,Line,F0_parent_name,F0_parent_mean,Generation,F1_child_name,F1_child_mean,mean_difference
1,hsd_selection,V1,V1A,302,2,V1B,238,64
1,hsd_selection,V2,V2C,288.5,2,V2C,294.47,-5.97
1,hsd_selection,V3,V3C,302,2,V3C,296.84,5.16
1,hsd_selection,V4,V4A,276.66,2,V4C,292.14,-15.48
1,hsd_selection,V5,V5A,286.33,2,V5B,294.95,-8.62
1,hsd_selection,V6,V6B,292.33,2,V6B,292.77,-0.44
1,hsd_selection,V7,V7A,299,2,V7B,288.4,10.6
1,hsd_selection,V8,V8C,309,2,V8A,291.77,17.23
1,hsd_selection,V9,V9A,275,2,V9C,286.17,-11.17
1,hsd_selection,V10,V10B,266,2,V10C,296.11,-30.11
1,hsd_noselection,V1,V1C,293.25,2,V1B,293.615,-0.365
1,hsd_noselection,V2,V2A,283.66,2,V2A,295.7826,-12.1226
1,hsd_noselection,V3,V3B,275.4,2,V3B,283.4,-8
1,hsd_noselection,V4,V4C,0,2,V4B,278.36,-278.36
1,hsd_noselection,V5,V5C,291.33,2,V5A,297.95,-6.62
1,hsd_noselection,V6,V6B,290.5,2,V6B,291.67,-1.17
1,hsd_noselection,V7,V7A,290.33,2,V7A,286.89,3.44
1,hsd_noselection,V8,V8A,300.25,2,V8C,285.4,14.85
1,hsd_noselection,V9,V9B,255,2,V9C,301.61,-46.61
1,hsd_noselection,V10,V10C,300,2,V10A,299.612,0.388
1,nsd_selection,V1,V1C,247.94,2,V1C,232.79,15.15
1,nsd_selection,V2,V2C,240.79,2,V2A,235.39,5.4
1,nsd_selection,V3,V3C,242.71,2,V3B,238.2,4.51
1,nsd_selection,V4,V4C,231,2,V4A,231.91,-0.91
1,nsd_selection,V5,V5A,257.8,2,V5B,254,3.8
1,nsd_selection,V6,V6C,239.17,2,V6B,237.98,1.19
1,nsd_selection,V7,V7B,247.44,2,V7C,231.56,15.88
1,nsd_selection,V8,V8A,237.14,2,V8C,236.45,0.69
1,nsd_selection,V9,V9B,245.08,2,V9C,235.54,9.54
1,nsd_selection,V10,V10B,235.63,2,V10A,235.41,0.22
1,nsd_noselection,V1,V1B,251.58,2,V1C,237.62,13.96
1,nsd_noselection,V2,V2A,0,2,V2C,235.39,-235.39
1,nsd_noselection,V3,V3B,247.78,2,V3C,235.83,11.95
1,nsd_noselection,V4,V4C,243.16,2,V4B,238.34,4.82
1,nsd_noselection,V5,V5B,244.22,2,V5C,244.95,-0.73
1,nsd_noselection,V6,V6C,243.25,2,V6C,240.11,3.14
1,nsd_noselection,V7,V7B,251.66,2,V7C,240.44,11.22
1,nsd_noselection,V8,V8B,253.77,2,V8B,243.87,9.9
1,nsd_noselection,V9,V9C,249,2,V9C,239.93,9.07
1,nsd_noselection,V10,V10A,239.08,2,V10B,235.51,3.57
2,hsd_selection,V1,V1B,238,3,V1C,288.23,-50.23
2,hsd_selection,V2,V2C,294.47,3,V2C,285.93,8.54
2,hsd_selection,V3,V3C,296.84,3,V3A,287.1,9.74
2,hsd_selection,V4,V4C,292.14,3,V4B,284.35,7.79
2,hsd_selection,V5,V5B,294.95,3,V5C,281,13.95
2,hsd_selection,V6,V6B,292.77,3,V6B,280.3,12.47
2,hsd_selection,V7,V7B,288.4,3,V7B,272,16.4
2,hsd_selection,V8,V8A,291.77,3,V8A,281.85,9.92
2,hsd_selection,V9,V9C,286.17,3,V9B,283.75,2.42
2,hsd_selection,V10,V10C,296.11,3,V10B,283.77,12.34
2,hsd_noselection,V1,V1B,293.615,3,V1B,284.07,9.545
2,hsd_noselection,V2,V2A,295.7826,3,V2C,293.07,2.7126
2,hsd_noselection,V3,V3B,283.4,3,V3C,292.4,-9
2,hsd_noselection,V4,V4B,278.36,3,V4B,280.35,-1.99
2,hsd_noselection,V5,V5A,297.95,3,V5C,287.16,10.79
2,hsd_noselection,V6,V6B,291.67,3,V6A,283.1,8.57
2,hsd_noselection,V7,V7A,286.89,3,V7C,281.07,5.82
2,hsd_noselection,V8,V8C,285.4,3,V8C,289.75,-4.35
2,hsd_noselection,V9,V9C,301.61,3,V9B,279.11,22.5
2,hsd_noselection,V10,V10A,299.612,3,V10B,282.11,17.502
2,nsd_selection,V1,V1C,232.79,3,V1C,227.67,5.12
2,nsd_selection,V2,V2A,235.39,3,V2A,233.83,1.56
2,nsd_selection,V3,V3B,238.2,3,V3A,231.83,6.37
2,nsd_selection,V4,V4A,231.91,3,V4A,244.2,-12.29
2,nsd_selection,V5,V5B,2254,3,V5A,236.33,2017.67
2,nsd_selection,V6,V6B,237.98,3,V6A,233.38,4.6
2,nsd_selection,V7,V7C,231.56,3,V7A,233.93,-2.37
2,nsd_selection,V8,V8C,236.45,3,V8B,233.97,2.48
2,nsd_selection,V9,V9C,235.54,3,V9A,236.18,-0.64
2,nsd_selection,V10,V10A,235.41,3,V10C,232.43,2.98
2,nsd_noselection,V1,V1C,237.62,3,V1A,233.57,4.05
2,nsd_noselection,V2,V2C,235.39,3,V2A,231.05,4.34
2,nsd_noselection,V3,V3C,235.83,3,V3C,226.4,9.43
2,nsd_noselection,V4,V4B,238.34,3,V4C,233,5.34
2,nsd_noselection,V5,V5C,244.95,3,V5C,233.61,11.34
2,nsd_noselection,V6,V6C,240.11,3,V6C,231.56,8.55
2,nsd_noselection,V7,V7C,240.44,3,V7A,239.4,1.04
2,nsd_noselection,V8,V8B,243.87,3,V8A,233.62,10.25
2,nsd_noselection,V9,V9C,239.93,3,V9A,233.05,6.88
2,nsd_noselection,V10,V10B,235.51,3,V10A,233.61,1.9
3,hsd_selection,V1,V1C,288.23,4,V1C,228.33,59.9
3,hsd_selection,V2,V2C,285.93,4,V2B,237.79,48.14
3,hsd_selection,V3,V3A,287.1,4,V3A,240.12,46.98
3,hsd_selection,V4,V4B,284.35,4,V4A,230.3,54.05
3,hsd_selection,V5,V5C,281,4,V5C,229.33,51.67
3,hsd_selection,V6,V6B,280.3,4,V6A,236.77,43.53
3,hsd_selection,V7,V7B,272,4,V7C,237.86,34.14
3,hsd_selection,V8,V8A,281.85,4,V8C,232.55,49.3
3,hsd_selection,V9,V9B,283.75,4,V9A,235.8,47.95
3,hsd_selection,V10,V10B,283.77,4,V10B,232.59,51.18
3,hsd_noselection,V1,V1B,284.07,4,V1C,0,284.07
3,hsd_noselection,V2,V2C,293.07,4,V2A,277,16.07
3,hsd_noselection,V3,V3C,292.4,4,V3A,278,14.4
3,hsd_noselection,V4,V4B,280.35,4,V4C,277.5,2.85
3,hsd_noselection,V5,V5C,287.16,4,V5C,0,287.16
3,hsd_noselection,V6,V6A,283.1,4,V6B,275,8.1
3,hsd_noselection,V7,V7C,281.07,4,V7B,274.41,6.66
3,hsd_noselection,V8,V8C,289.75,4,V8A,274.5,15.25
3,hsd_noselection,V9,V9B,279.11,4,V9A,276.87,2.24
3,hsd_noselection,V10,V10B,282.11,4,V10A,277.57,4.54
3,nsd_selection,V1,V1C,227.67,4,V1B,237.8,-10.13
3,nsd_selection,V2,V2A,233.83,4,V2B,233.5,0.33
3,nsd_selection,V3,V3A,231.83,4,V3B,233.11,-1.28
3,nsd_selection,V4,V4A,244.2,4,V4B,239.43,4.77
3,nsd_selection,V5,V5A,236.33,4,V5C,236.67,-0.34
3,nsd_selection,V6,V6A,233.38,4,V6A,239,-5.62
3,nsd_selection,V7,V7A,233.93,4,V7A,235.67,-1.74
3,nsd_selection,V8,V8B,233.97,4,V8B,232.83,1.14
3,nsd_selection,V9,V9A,236.18,4,V9B,232.14,4.04
3,nsd_selection,V10,V10C,232.43,4,V10B,246.63,-14.2
3,nsd_noselection,V1,V1A,233.57,4,V1B,231.56,2.01
3,nsd_noselection,V2,V2A,231.05,4,V2A,227.71,3.34
3,nsd_noselection,V3,V3C,226.4,4,V3C,235.44,-9.04
3,nsd_noselection,V4,V4C,233,4,V4A,234.47,-1.47
3,nsd_noselection,V5,V5C,233.61,4,V5C,235.75,-2.14
3,nsd_noselection,V6,V6C,231.56,4,V6B,230.33,1.23
3,nsd_noselection,V7,V7A,239.4,4,V7C,235.87,3.53
3,nsd_noselection,V8,V8A,233.62,4,V8C,229.7,3.92
3,nsd_noselection,V9,V9A,233.05,4,V9C,229.81,3.24
3,nsd_noselection,V10,V10A,233.61,4,V10A,234.06,-0.45
4,hsd_selection,V1,V1C,228.33,5,V1B,275.67,-47.34
4,hsd_selection,V2,V2B,237.79,5,V2C,276.75,-38.96
4,hsd_selection,V3,V3A,240.12,5,V3A,275.43,-35.31
4,hsd_selection,V4,V4A,230.3,5,V4A,275.58,-45.28
4,hsd_selection,V5,V5C,229.33,5,V5C,277.59,-48.26
4,hsd_selection,V6,V6A,236.77,5,V6A,281.35,-44.58
4,hsd_selection,V7,V7C,237.86,5,V7A,263.3,-25.44
4,hsd_selection,V8,V8C,232.55,5,V8C,276.57,-44.02
4,hsd_selection,V9,V9A,235.8,5,V9A,285.65,-49.85
4,hsd_selection,V10,V10B,232.59,5,V10C,280.33,-47.74
4,hsd_noselection,V1,V1C,0,5,V1A,278.71,-278.71
4,hsd_noselection,V2,V2A,277,5,V2B,277.66,-0.66
4,hsd_noselection,V3,V3A,278,5,V3B,280.27,-2.27
4,hsd_noselection,V4,V4C,277.5,5,V4A,285,-7.5
4,hsd_noselection,V5,V5C,0,5,V5A,283.36,-283.36
4,hsd_noselection,V6,V6B,275,5,V6B,281,-6
4,hsd_noselection,V7,V7B,274.41,5,V7B,294.8,-20.39
4,hsd_noselection,V8,V8A,274.5,5,V8A,274.88,-0.38
4,hsd_noselection,V9,V9A,276.87,5,V9C,293.08,-16.21
4,hsd_noselection,V10,V10A,277.57,5,V10C,271.27,6.3
4,nsd_selection,V1,V1B,237.8,5,V1B,233.24,4.56
4,nsd_selection,V2,V2B,233.5,5,V2A,234.39,-0.89
4,nsd_selection,V3,V3B,233.11,5,V3A,227.86,5.25
4,nsd_selection,V4,V4B,239.43,5,V4A,232.78,6.65
4,nsd_selection,V5,V5C,236.67,5,V5A,234.8,1.87
4,nsd_selection,V6,V6A,239,5,V6C,231.96,7.04
4,nsd_selection,V7,V7A,235.67,5,V7A,232.42,3.25
4,nsd_selection,V8,V8B,232.83,5,V8C,239.13,-6.3
4,nsd_selection,V9,V9B,232.14,5,V9A,235.37,-3.23
4,nsd_selection,V10,V10B,246.63,5,V10A,236.06,10.57
4,nsd_noselection,V1,V1B,231.56,5,V1B,240.9,-9.34
4,nsd_noselection,V2,V2A,227.71,5,V2A,231.23,-3.52
4,nsd_noselection,V3,V3C,235.44,5,V3C,239.66,-4.22
4,nsd_noselection,V4,V4A,234.47,5,V4B,238.84,-4.37
4,nsd_noselection,V5,V5C,235.75,5,V5C,241.57,-5.82
4,nsd_noselection,V6,V6B,230.33,5,V6B,245.91,-15.58
4,nsd_noselection,V7,V7C,235.87,5,V7C,236.89,-1.02
4,nsd_noselection,V8,V8C,229.7,5,V8C,246.9,-17.2
4,nsd_noselection,V9,V9C,229.81,5,V9C,236.44,-6.63
4,nsd_noselection,V10,V10A,234.06,5,V10B,239.94,-5.88
